{"cameraMode":{"drawMode":0,"name":"Shaded","section":"Shading Mode"},"sceneLighting":false,"audioPlay":false,"sceneViewState":{"m_AlwaysRefresh":false,"showFog":true,"showSkybox":true,"showFlares":true,"showImageEffects":true,"showParticleSystems":true,"showVisualEffectGraphs":true,"m_FxEnabled":true},"in2DMode":false,"pivot":{"x":0.4463840425014496,"y":-1.5048561096191407,"z":3.6975862979888918},"rotation":{"x":0.7269575595855713,"y":-0.004120022989809513,"z":0.0043618627823889259,"w":0.6866583228111267},"size":12.855327606201172,"orthographic":false}