{"cameraMode":{"drawMode":0,"name":"Shaded","section":"Shading Mode"},"sceneLighting":false,"audioPlay":false,"sceneViewState":{"m_AlwaysRefresh":false,"showFog":true,"showSkybox":true,"showFlares":true,"showImageEffects":true,"showParticleSystems":true,"showVisualEffectGraphs":true,"m_FxEnabled":true},"in2DMode":false,"pivot":{"x":0.5051992535591126,"y":-0.03150367736816406,"z":3.9092659950256349},"rotation":{"x":0.72451251745224,"y":-0.02272789366543293,"z":0.023917678743600847,"w":0.6884732842445374},"size":11.265080451965332,"orthographic":false}