{"cameraMode":{"drawMode":0,"name":"Shaded","section":"Shading Mode"},"sceneLighting":false,"audioPlay":false,"sceneViewState":{"m_AlwaysRefresh":false,"showFog":true,"showSkybox":true,"showFlares":true,"showImageEffects":true,"showParticleSystems":true,"showVisualEffectGraphs":true,"m_FxEnabled":true},"in2DMode":false,"pivot":{"x":7.963264465332031,"y":-1.3453521728515626,"z":-2.364955425262451},"rotation":{"x":0.6360021233558655,"y":-0.011573951691389084,"z":0.009540706872940064,"w":0.7715426087379456},"size":16.034975051879884,"orthographic":false}